word,language,partOfSpeech,ipa,definitions,examples,difficulty,notes
algorithm,en,noun,/ˈælɡərɪðəm/,A step-by-step procedure for solving a problem or completing a task,The sorting algorithm is very efficient; We use algorithms in computer programming,MEDIUM,Computer Science term
serendipity,en,noun,/ˌserənˈdɪpɪti/,The occurrence of events by chance in a happy or beneficial way,Finding that rare book was pure serendipity,HARD,Beautiful word
ephemeral,en,adjective,/ɪˈfemərəl/,Lasting for a very short time; transitory,The beauty of cherry blossoms is ephemeral; Youth is ephemeral,EXPERT,Literary term
ubiquitous,en,adjective,/juːˈbɪkwɪtəs/,Present or appearing everywhere at the same time,Smartphones are ubiquitous in modern society; Coffee shops seem ubiquitous nowadays,MEDIUM,Common in academic writing
paradigm,en,noun,/ˈpærədaɪm/,A typical example or pattern of something; a worldview,This represents a new paradigm in education; The scientific paradigm has shifted,HARD,Philosophy and science
eloquent,en,adjective,/ˈeləkwənt/,Fluent and persuasive in speaking or writing,She gave an eloquent speech at the conference,MEDIUM,Communication skill
ambiguous,en,adjective,/æmˈbɪɡjuəs/,Open to more than one interpretation; unclear,The instructions were ambiguous and confusing; His response was deliberately ambiguous,MEDIUM,Common in formal writing
resilient,en,adjective,/rɪˈzɪliənt/,Able to recover quickly from difficulties; flexible,Children are remarkably resilient; The economy proved resilient after the crisis,EASY,Positive trait
meticulous,en,adjective,/məˈtɪkjələs/,Showing great attention to detail; very careful and precise,He was meticulous in his research; The artist's meticulous brushwork was impressive,HARD,Professional quality
synthesize,en,verb,/ˈsɪnθəsaɪz/,Combine elements to form a connected whole; create by combining,Scientists can synthesize new compounds in the lab; Good writers synthesize ideas from multiple sources,MEDIUM,Academic and scientific term
pragmatic,en,adjective,/præɡˈmætɪk/,Dealing with things sensibly and realistically; practical,We need a pragmatic approach to solve this problem; She's very pragmatic about her career choices,MEDIUM,Business and philosophy
catalyst,en,noun,/ˈkætəlɪst/,A substance that increases the rate of a reaction; an agent of change,Platinum acts as a catalyst in the reaction; The new policy was a catalyst for innovation,HARD,Chemistry and metaphorical use
innate,en,adjective,/ɪˈneɪt/,Inborn; natural; inherent,Some people have an innate talent for music; The innate ability to learn language,MEDIUM,Psychology term
juxtapose,en,verb,/ˌdʒʌkstəˈpoʊz/,Place or deal with close together for contrasting effect,The artist juxtaposed light and shadow; Let's juxtapose these two theories,EXPERT,Art and literary term
zenith,en,noun,/ˈziːnɪθ/,The highest point; peak; culmination,The sun reaches its zenith at noon; Her career reached its zenith in the 1990s,HARD,Astronomy and metaphorical
